"Sustained Wind Speed (kts)","Gust Factor","Year","Month","Day"
"43.0","1.930232558139535","2008","03","12"
"7.0","2.5714285714285716","2008","10","25"
"7.0","2.5714285714285716","2013","12","15"
